id_no,firstname,lastname,post,mail,salary
1,liam,green,president,liamgreen@zoo.com,100000
2,noah,taylor,zoologist,noahtaylor@zoo.com,80000
3,oliver,brown,botanist,oliverbrown@zoo.com,72000
4,william,wilson,admin,williamwilson@zoo.com,82000
5,elijah,wood,zoologist,elijahwood@zoo.com,60000
6,lucas,martin,botanist,lucasmartin@zoo.com,45000
7,sofia,regmi,lawyer,sofiaregmizoo.com,32000
8,roman,regmi,manager,romanregmizoo.com,100000
